{"precision": 0.9051724137931034, "coverage": 0.412573673870334, "changed": 232, "fixed": 210}